"id","section","question","answer"
"1","General Information","What is Unilife Bargate House?","Unilife Bargate House is a newly renovated student accommodation property in Southampton, opening in September 2024. It combines modern living with a rich history, offering self-contained studios and exceptional communal spaces."
"2","General Information","What types of student accommodation does Unilife Bargate House offer?","Unilife Bargate House offers six types of self-contained studios: Classic, Classic Plus, Premium, Premium Plus, VIP, and VIP Plus, catering to different preferences and budgets."
"3","General Information","Is Unilife Bargate House suitable for both undergraduate and postgraduate students?","Yes, Unilife Bargate House welcomes both undergraduate and postgraduate students, offering a supportive environment for all academic levels."
"4","General Information","How many rooms are available in Bargate House?","Bargate House has 122 self-contained studios, providing a variety of options to suit individual preferences."
"5","General Information","How many floors are there in Bargate House?","The property spans 5 floors, with specific room types located on different levels, such as Classic on the ground floor and Premium on the upper floors."
"6","General Information","How can I make an inquiry about availability at Bargate House?","You can contact the Bargate House team via phone at +44 7802322917 email at yourspace@unilife.co.uk or send us a WhatsApp to start chatting."
"7","General Information","How do I apply for accommodation at Bargate House?","You can book your accommodation directly through the Unilife website or by contacting the Unilife team via email or phone for assistance with the process."
"8","General Information","How can I cancel or modify my booking at Bargate House?","You can cancel or modify your booking by contacting the Unilife team via email or phone. Cancellation policies apply depending on the timing and circumstances of the request."
"9","General Information","Is there a waiting list for available rooms at Bargate House?","If your preferred studio type is sold out on the website, please contact the sales team who will confirm the procedure to go onto the waiting list."
"10","General Information","How far in advance should I book my room at Bargate House?","It is recommended to book as early as possible, especially during peak periods, to secure your preferred room type and location."
"11","General Information","Can I stay during the summer months, or is it only available during term time?","Yes, Bargate House is open all year round and the Unilife team will be here to support you throughout your stay!"
"12","General Information","Does Bargate House accept international students?","Yes, Bargate House is open to international students and provides a supportive environment tailored to their needs."
"13","General Information","How do I confirm my booking after applying for a room at Bargate House?","Confirming your booking at Bargate House is simple! After submitting your application, all you need to do is sign your contract and pay the deposit. Once that’s done, the property manager will review your tenancy and co-sign the agreement, finalising everything. You’ll then receive an email notification with your official assured shorthold tenancy agreement attached."
"14","General Information","Is there a minimum lease term for rooms at Bargate House?","Bargate House offers contracts from 45-51 weeks."
"15","General Information","What is the check-in and check-out procedure?","Check-in is simple. One of the Unilife team will get in touch to arrange your arrival time and date to ensure one of the Unilife team is available to welcome you into the property, checking out will follow the same procedure one of the Unilife Team will contact you to arrange your departure."
"16","General Information","Can I rebook the same studio for the following year?","Yes, absolutely! As a current resident, you’ll have priority booking for your room, ensuring you get first choice. Plus, we offer you the best available rate, making it even easier to secure your favourite studio for the following year."
"17","Location","Where is Bargate House located?","Bargate House is located at 31-33 High Street, Southampton, SO14 2DF, right in the heart of Southampton's vibrant city centre. With everything you need just moments away, you will enjoy being seconds away from shops, restaurants, leisure activities and nightlife. It’s the ideal location for students."
"18","Location","How far is Bargate House from the University of Southampton?","Bargate House offers an unbeatable city centre location, perfect for students who want to immerse themselves in the vibrant lifestyle of Southampton. Just a short 25-minute bus ride to the University of Southampton, you will have the best of both worlds."
"19","Location","How far is Solent University from Bargate House?","Solent University is just a short 2-minute walk from Bargate House, allowing you to easily stroll through the city centre and be on campus in no time."
"20","Location","Are there any grocery stores or supermarkets near Bargate House?","Yes! You will be just seconds away from a range of supermarkets and shops, making grocery runs quick and easy. Plus, Westquay, one of the largest shopping centres in the South is only a two-minute walk away"
"21","Location","Is Bargate House close to public transport links?","Absolutely! Bargate House is incredibly well-connected. You’ll find a bus station just a minute's walk away, offering easy access to the whole city and beyond. Plus, Southampton Central Train Station is only a 10-minute walk, from where you can catch direct trains to London in as little as 90 minutes."
"22","Location","How far is the nearest bus stop from Bargate House?","The nearest bus stop is only a one-minute walk from Bargate House."
"23","Location","How far is the train station from Bargate House?","Southampton Central Train Station is a short 10 minute walk, where you can catch direct trains to London in as little as 90 minutes."
"24","Location","Is Bargate House located near any recreational areas or parks?","Yes, Bargate House is located in the center of Southampton. The two main parks are Palmerston Park and Southampton Common."
"25","Location","What are the nearby landmarks around Bargate House?","Bargate House is surrounded in a fantastic location with some of Southampton’s most iconic landmarks. Just a short stroll away, you will find the historic Bargate monument, a stunning piece of the city’s heritage. You are also right next to the bustling WestQuay shopping centre, where you can enjoy a variety of shops, restaurants, and entertainment options."
"26","Location","Are there any shopping centres or malls near Bargate House?","Yes! WestQuay shopping centre, Southampton's largest and most vibrant city-centre shopping destination, is just a two-minute walk from Bargate House. With a fantastic range of shops, restaurants, and entertainment options, you’ll have everything you need right at your doorstep."
"27","Location","How long does it take to walk to the city centre from Bargate House?","Bargate House is ideally located in the heart of the city centre, so you are already right where the action is. You are just seconds away from a wide variety of shops, bars, and restaurants, making it incredibly convenient for students to enjoy everything the city has to offer."
"28","Location","Is the area around Bargate House considered safe?","Yes, the area around Bargate House is known for its safety as it is located on the High Street of the City Center. With well-lit streets and a welcoming atmosphere, you’ll feel secure and at ease, whether you’re heading out during the day or night."
"29","Location","What are the local neighbourhoods like around Bargate House?","Bargate House is situated right on the High Street in the heart of Southampton City Centre, surrounded by a dynamic and lively neighbourhood."
"30","Location","How close is Bargate House to student-friendly bars, cafes, and restaurants?","Bargate House is perfectly located with a wide selection of student friendly bars, cafés, and restaurants just seconds away. Whether you’re looking for a cozy cafe, to study in, a lively bar to unwind, or a delicious meal with friends, everything is within walking distance."
"31","Location","Are there any places for student hangouts near Bargate House?","Absolutely! Being right in the city centre, Bargate House is surrounded by plenty of social spots perfect for hanging out with friends."
"32","Transport and Accessibility","Is Bargate House easily accessible for students with disabilities?","Yes, Bargate House is fully accessible for students with disabilities. The property features a hydraulic lift for easy access, and we offer specially designed accessible studios on-site to ensure comfort and convenience."
"33","Transport and Accessibility","What are the nearby restaurants to Bargate House?","There are several restaurants within a short walking distance from Bargate House. Sidewalk Café & Iranian Restaurant is just a 1-minute walk away. Késarum Indian Restaurant is also a 1-minute walk from Bargate House. If you're looking for more options, J316 (K-Style Chicken and Grill) is around a 3-minute walk from Bargate House."
"34","Transport and Accessibility","Are there transport options to get to other parts of the city from Bargate House?","Yes, Bargate House is located near excellent public transport links, including a bus station just one minute walk away and the main train station, Southampton Central which is 10 minutes away."
"35","Transport and Accessibility","Can I use a bike to commute from Bargate House?","Yes, cycling is a fantastic way to get around Southampton, and Bargate House is perfectly located for it. With the city being bike friendly, you can easily reach any part of the city."
"36","Transport and Accessibility","Does Bargate House have secure bike storage facilities?","Yes, Bargate House offers secure bike storage to ensure residents' bicycles are safe and easily accessible."
"37","Transport and Accessibility","Are taxis or ride-sharing services easily accessible near Bargate House?","Yes, being centrally located, taxis can be booked within minutes."
"38","Transport and Accessibility","How long does it take to get to London from Bargate House by train?","The journey from Southampton Central Train Station to London typically takes about 90 minutes to 120 minutes, depending on the service."
"39","Transport and Accessibility","Is there parking available at Bargate House for residents?","While Bargate House does not offer on-site parking for residents, there is a large, conveniently located multi-story car park just behind the building, Eastgate Car Park."
"40","Transport and Accessibility","How many parking spaces are available?","While Bargate House does not offer on-site parking for residents, there is a large, conveniently located multi-story car park just behind the building, Eastgate Car Park."
"41","Transport and Accessibility","What is the car park charge?","While Bargate House does not offer on-site parking for residents, there is a large, conveniently located multi-story car park just behind the building, Eastgate Car Park."
"42","Transport and Accessibility","Can I rent a parking space near Bargate House?","While Bargate House does not offer on-site parking for residents, there is a large, conveniently located multi-story car park just behind the building, Eastgate Car Park."
"43","Transport and Accessibility","Does Bargate House offer any shuttle services to nearby campuses?","Students have excellent public transport options right at their doorstep. A bus stop just one minute away offers quick and easy access to the University of Southampton campus, with journeys taking as little as 25 minutes for just £2."
"44","Transport and Accessibility","What is the nearest airport to Bargate House?","The nearest airport to Bargate House is Southampton Airport, which is a short 15-20 minute drive or train journey away."
"45","Property Amenities & Services","What are the communal areas available at Bargate House?","Bargate House offers state of the art communal areas designed to enhance your living experience. Socialise in the vibrant Social Hub, or challenge friends in the Games Room, featuring an 85” TV, PS5, Nintendo Switch, and a karaoke machine for endless entertainment. We also have a pool table. For those focused moments, our study area with quiet study pods provides the perfect environment for productivity. If you enjoy cooking with other residents, the social kitchen is ideal as it is fully equipped with all appliances. You will also be able to stay active in our 24/7 gym, fully equipped with cardiovascular and resistance machines. Plus, our friendly on-site team at the reception is always ready to assist, and you can kick-start your day with a free grab-and-go breakfast at our breakfast bar, available Monday to Friday."
"46","Property Amenities & Services","What is included in the social hub at Bargate House?","The social hub at Bargate House is the perfect space to unwind, connect, and have fun. With a massive 85” TV, you can enjoy movie nights or cheer on your favourite sports team in style. The dedicated games area offers endless entertainment, while the comfy seating invites you to relax, chat, or socialise with friends and fellow residents."
"47","Property Amenities & Services","Does Bargate House have a cinema room?","Yes, Bargate House has a cosy cinema room equipped with an 85"" TV, Sky Cinema, Netflix, Amazon Prime, Disney+, a PS5, and a karaoke machine. The studio is soundproof and it is equipped with impressive sound to enjoy."
"48","Property Amenities & Services","Are there study areas provided for residents?","Yes, there is a large study area on floor two of Bargate House with lots of natural light which includes spacious study desks, private study pods, and free unlimited printing."
"49","Property Amenities & Services","What types of entertainment are available in the cinema room?","Enjoy unlimited access to streaming services like Netflix, Amazon Prime, Disney+, and Sky Cinema, all on a large 85” screen for the ultimate movie experience. Game lovers can take advantage of the PS5 and Nintendo Switch, with the added bonus that we're happy to purchase the latest popular games just for you. And if you’re in the mood for something extra fun, our karaoke machine is ready for you and your friends to sing your hearts out!"
"50","Property Amenities & Services","Are there common areas where I can meet other students?","Yes, all of our communal areas provide a great opportunity to meet other residents in a relaxed environment."
"51","Property Amenities & Services","Does Bargate House offer any outdoor recreational spaces?","Yes, Bargate House features a rooftop terrace with city views, ideal for relaxing or socialising with friends."
"52","Property Amenities & Services","Is there a BBQ area available for residents?","No, Bargate House does not provide a designated BBQ area."
"53","Property Amenities & Services","Does Bargate House provide a gym?","Yes, Bargate House features a state-of-the-art, 24/7 on-site gym, so you can work out whenever it suits you. Equipped with a range of cardiovascular machines and resistance weights, it’s the perfect place to stay fit and unwind after a busy day of studying or socialising."
"54","Property Amenities & Services","What gym equipment is available at Bargate House?","At Bargate House, our on site gym is equipped with state of the art fitness to help you achieve your goals. You will find a variety of cardiovascular machines, including running machines, cross trainers, and ski jumps, perfect for an energising workout. Plus, we offer a fantastic selection of resistance machines and free weights."
"55","Property Amenities & Services","Can I access the gym at any time of the day or night?","Yes, the gym at Bargate House is open 24/7 for residents."
"56","Property Amenities & Services","Are there laundry facilities at Bargate House?","Yes, laundry rooms are open 24/7, 7 days a week for convenience."
"57","Property Amenities & Services","How many washing machines and dryers are available for use?","The laundry room has three washing machines and three tumble dryers available for residents."
"58","Property Amenities & Services","What is the laundry charge?","Bargate House residents receive a complimentary £100 laundry card to use throughout their stay, ensuring you have everything you need to keep your clothes fresh and clean without any hassle. For additional laundry needs, there’s a convenient payment machine where you can top up using a debit or credit card for a small fee."
"59","Property Amenities & Services","What are the maintenance procedures at Bargate House?","Unilife has its own Unilife mobile application that can be downloaded for free from the Apple Store or Google Play. Tenants are able to communicate directly with the property manager and also log any maintenance support tickets."
"60","Property Amenities & Services","Is there a secure parcel delivery system for residents?","Yes, Bargate House offers an electronic parcel delivery system where residents receive notifications through a mobile app."
"61","Property Amenities & Services","What is the on-site mail service like?","Each resident is provided with a private mailbox for secure mail delivery."
"62","Property Amenities & Services","Does Bargate House offer any meal services or dining options?","The Grab and Go breakfast is available from 08:00, Monday to Friday. We provide fresh pastries and sweet treats Monday to Thursday and fresh fruit and yoghurts on a Friday."
"63","Property Amenities & Services","Is there a 24-hour reception at Bargate House?","The Reception is staffed by a City Manager and House Supervisor who are available daily to assist residents Monday to Friday. There is a 24 hour Unilife number if you need assistance out of hours."
"64","Property Amenities & Services","What types of social events are hosted at Bargate House?","Bargate House organises regular events, Events include welcome parties, film nights, games nights and cultural outings. If you have any event ideas or would like to suggest something, just let your property manager know, we are always happy to make your stay even more enjoyable."
"65","Property Amenities & Services","Are there any regular fitness classes or activities offered?","Yes, residents can enjoy regular fitness sessions with other residents in the onsite gym."
"66","Property Amenities & Services","Does Bargate House have any special events or celebrations throughout the year?","At Unilife, we embrace and celebrate the rich cultural diversity of our residents. We regularly organise exciting cultural events and activities that highlight and honor the unique backgrounds of everyone in our community."
"67","Property Amenities & Services","Is there a place where I can meet with friends or study together?","Yes absolutely. We have created a range of incredible communal spaces designed to help you connect with fellow Unilife residents and meet new friends. We also have a fantastic study space on floor 2 with communal study tables and private study pods."
"68","Property Amenities & Services","What is included for the grab and go breakfast? And this is provided every Monday through Friday?","The Grab and Go breakfast is available from 08:00, Monday to Friday. We provide fresh pastries and sweet treats Monday to Thursday and fresh fruit and yoghurts on a Friday."
"69","Property Amenities & Services","How often are events held at Bargate House?","At Unilife, there's always something exciting happening! We have a weekly events calendar, ensuring there’s always fun to look forward to. Sometimes, we even host multiple events in a single week, so you’ll never run out of chances to make the most of your University life."
"70","Property Amenities & Services","Are there social spaces where I can relax and watch TV?","Yes, at Bargate House, we have plenty of social spaces where you can unwind and enjoy some TV time. You can relax in the community hub or head to the cinema room, both equipped with a huge 85” TV, featuring all the channels you need for the ultimate viewing experience."
"71","Property Amenities & Services","Is Wi-Fi included in the accommodation at Bargate House?","Yes, high-speed Wi-Fi is included in the rent for all residents."
"72","Property Amenities & Services","What internet speed is available for residents?","Residents can enjoy super fast wifi throughout the building."
"73","Property Amenities & Services","How do I connect to the Wi-Fi at Bargate House?","Residents can create a login for the Wifi with our internet provider, Glide who are a leading Wifi provider for student accommodation in the UK. Once connected, you will be able to log in with as many devices as you like."
"74","Property Amenities & Services","How often are the rooms cleaned at Bargate House?","Residents are responsible for cleaning their rooms, however rooms are cleaned daily by our on site housekeeping team."
"75","Property Amenities & Services","Does Bargate House offer cleaning services for residents?","Please speak to the property manager who will be able to discuss the options available to you for regular studio cleaning."
"76","Property Amenities & Services","Who is responsible for the maintenance of the rooms?","Residents are responsible to look after their studio but please let us know via the Unilife app if you need any support from our maintenance team."
"77","Property Amenities & Services","How quickly are maintenance requests handled at Bargate House?","We aim to resolve any maintenance issues as quickly as possible, typically on the same day! If you’d prefer to schedule a specific time for the maintenance team to assist you, simply let us know via the Unilife mobile app, and we’ll book a slot that works best for you. Your convenience and satisfaction are our priority!"
"78","Property Amenities & Services","Is there a process for handling damaged or broken items in the rooms?","Please report damaged items to your property manager immediately."
"79","Property Amenities & Services","Are there any extra charges for room maintenance at Bargate House?","No additional charges are applied for general maintenance, but fees may apply for damages caused by residents."
"80","Room Types and Features","What is included in the studio apartment at Bargate House?","Each studio apartment at Bargate House is fully furnished and includes a small double or double bed (depending on the studio type), a private kitchenette, an ensuite bathroom, a 42"" TV with a TV licence, superfast 1,000 Mbps Wi-Fi, and all utility bills are covered."
"81","Room Types and Features","How are the rooms furnished at Bargate House?","You will enjoy a cosy small double bed, a study desk with a comfortable office chair for focused work, and plenty of shelving space to organise your belongings. A large, fitted wardrobe offers ample storage, while the fully equipped kitchenette allows you to prepare meals at your convenience. The ensuite bathroom adds an extra level of privacy and comfort, making your room the ideal space to relax, study, and enjoy your time at university!"
"82","Room Types and Features","Are there TVs in every studio at Bargate House?","Yes, all studios come with a 42"" TV, and the TV licence is included in the rent."
"83","Room Types and Features","Do the studios include a private bathroom?","Yes, all studios have a private ensuite bathroom for residents' convenience."
"84","Room Types and Features","Are there study desks and chairs in every studio?","Yes, each studio includes a study desk and chair to provide a comfortable workspace."
"85","Room Types and Features","Is there enough storage space in the rooms?","Yes, every studio is designed with ample storage, including a large fitted wardrobe, under the bed storage and additional shelving."
"86","Room Types and Features","Do the rooms have heating and cooling systems?","Yes, the rooms are equipped with modern heating systems to ensure comfort throughout the year."
"87","Room Types and Features","Are the studios quiet and conducive for studying?","The studios are designed to provide a quiet and private environment, making them suitable for focused studying."
"88","Room Types and Features","Are the rooms suitable for couples or shared living?","The VIP and VIP Plus studios are spacious and ideal for couples or shared living, with high-quality furnishings and dual occupancy options."
"89","Room Types and Features","Is there a kitchenette in each room at Bargate House?","Yes, every studio at Bargate House comes with its own private kitchenette, fully equipped with everything you need to cook and enjoy meals in the comfort of your room. You’ll find essential appliances including a hob with extractor fan, microwave, oven, fridge-freezer, and plenty of storage cabinets."
"90","Room Types and Features","What amenities are included in the Classic studio at High Street?","The Classic Studio at High Street offers everything you need for a comfortable and convenient student living experience. It features a cozy small double bed, a study desk with a chair to create the perfect study space, and a smart TV with a TV licence for relaxation and entertainment. You’ll also enjoy a private ensuite bathroom for added privacy and convenience, as well as a fully equipped kitchenette with essential appliances, making it easy to cook and enjoy meals whenever you like."
"91","Room Types and Features","Is the Classic studio suitable for single occupancy?","Yes, the Classic studio is designed for single occupancy and offers a comfortable living and study environment for one person."
"92","Room Types and Features","Are the Classic studios located on the ground floor?","Yes, all Classic studios are located on the ground floor of Bargate House."
"93","Room Types and Features","What distinguishes the Classic Plus studio from the Classic studio?","The Classic Plus studio offers the same features as the Classic studio but is located on the 1st and 2nd floors, providing enhanced privacy and views."
"94","Room Types and Features","Does the Classic Plus studio include a private kitchenette?","Yes, the Classic Plus studio includes a private kitchenette with a hob, microwave, and fridge-freezer."
"95","Room Types and Features","Are the furnishings in the Classic Plus studio modern and comfortable?","Yes, the studio was built in September 2024 so it is furnished with modern, high-quality items."
"96","Room Types and Features","What additional features does the Premium studio offer?","The Premium studio includes all the amenities of the Classic and Classic Plus but is located on the 3rd and 4th floors, offering higher floor views. The Premium Studio provides great views of the city."
"97","Room Types and Features","Are the Premium studios designed for single occupancy?","Yes, the Premium studios are designed for single occupancy."
"98","Room Types and Features","Do the Premium studios have ensuite bathrooms?","Yes, each Premium studio has a private ensuite bathroom for the resident’s convenience."
"99","Room Types and Features","What is unique about the Premium Plus studios?","The Premium Plus studios are south-facing on the 4th floor, offering abundant natural light and the best views of Southampton."
"100","Room Types and Features","Do Premium Plus studios include entertainment facilities?","Yes, Premium Plus studios come with a 42"" TV with a TV licence included for residents' convenience."
"101","Room Types and Features","Are the furnishings in the Premium Plus studios of higher quality?","The furnishings are the same throughout the building. The Premium Plus studios provide the best views of the city."
"102","Room Types and Features","What amenities are included in the VIP studios at High Street?","VIP studios are the largest studios at Bargate House, they are 26 metre squared and include a large double bed, a private ensuite bathroom, a kitchenette, study desk, Wi-Fi, and a 42"" TV with a TV licence."
"103","Room Types and Features","Are the VIP studios spacious and suitable for dual occupancy?","Yes, the VIP and VIP Pus studios are spacious and suitable for single or dual occupancy."
"104","Room Types and Features","What floors are the VIP studios located on?","The VIP studios are available on the 1st, 2nd ,3rd & 4th floor of the property."
"105","Room Types and Features","What distinguishes the VIP Plus studios from the VIP studios?","The VIP Plus studios have a beautiful bay window with a large window seat, whereas the VIP studios have a floor to ceiling window."
"106","Room Types and Features","Are VIP Plus studios equipped for a high-speed internet connection?","Yes, VIP Plus studios include superfast Wi-Fi for uninterrupted connectivity."
"107","Room Types and Features","Are the VIP Plus studios suitable for couples?","Yes, the VIP Plus studios are ideal for couples, offering spacious and high-quality living arrangements."
"108","Security and Safety","How secure is the building at Bargate House?","The building at Bargate House is equipped with a secure entry system and 24/7 CCTV monitoring to ensure resident safety."
"109","Security and Safety","Are there security personnel on-site at Bargate House?","There are staff members available daily, including a city manager and house supervisor, who ensure the safety and well-being of residents."
"110","Security and Safety","What security features are in place at Bargate House?","Security features include a secure fob entry system, CCTV coverage, and private mailboxes."
"111","Security and Safety","Are the studios equipped with secure locks?","Yes, each studio is fitted with secure locks to provide residents with additional peace of mind."
"112","Security and Safety","Is there CCTV coverage in the building and common areas?","Yes, 4K CCTV monitoring is in place throughout the building and in all common areas that staff have access to 24 hours a day."
"113","Security and Safety","How is access controlled at Bargate House?","Access is controlled via a secure fob entry system, ensuring that only residents and authorised personnel can enter."
"114","Security and Safety","Can visitors access the building freely, or are there restrictions?","Visitor access is controlled and requires prior permission for accompaniment by a resident."
"115","Security and Safety","Is there a system for reporting lost keys or security concerns?","If you lose your keys or have any security concerns, simply speak to your property manager, who will assist you in getting back into your studio. If it's outside of office hours, don't worry, you can contact the Unilife 24-hour emergency line, and we'll provide you with remote assistance to resolve the issue quickly and efficiently."
"116","Security and Safety","How do residents report security issues or incidents?","If there is an emergency, please call the services on 999. You can also contact the Unilife team, 24 hours a day, 7 days a week on the Unilife 24-hour emergency line."
"117","Security and Safety","Are the studio doors equipped with an electronic security system?","Yes, studio doors are equipped with secure electronic locks for enhanced safety."
"118","Security and Safety","Is there a 24/7 security hotline or emergency number for residents?","Yes, residents are provided with a 24/7 Unilife emergency contact number to report urgent issues."
"119","Security and Safety","What safety measures are in place in Bargate House in case of an emergency?","Safety measures include clearly marked fire exits, fire alarms, smoke detectors, and emergency evacuation procedures."
"120","Security and Safety","Are there fire alarms and smoke detectors in each studio?","Yes, all studios are equipped with fire alarms and smoke detectors as part of the building’s safety protocol."
"121","Security and Safety","Does Bargate House have a fire evacuation plan?","Yes, a fire evacuation plan is in place, and residents are informed about the procedures upon move-in."
"122","Security and Safety","Are fire drills conducted regularly at Bargate House?","Unilife does periodic fire drills to ensure residents are aware of the correct evacuation procedures."
"123","Security and Safety","Are the building exits clearly marked and accessible in case of an emergency?","Yes, all exits are clearly marked and easily accessible to ensure a safe and efficient evacuation during emergencies."
"124","Security and Safety","Are there fire extinguishers and safety equipment in the common areas?","Yes, fire extinguishers and other safety equipment are installed in common areas throughout the building."
"125","Security and Safety","How are residents notified in case of a fire or emergency?","Residents are notified through the building’s alarm system and any additional communication from on-site staff."
"126","Security and Safety","Does Bargate House provide safety training or guidelines for students?","Yes, safety guidelines and instructions are provided to students during move-in and throughout their stay as needed."
"127","Security and Safety","Is there a first aid kit available in the building?","Yes, a first aid kit is available on-site which is located in reception."
"128","Security and Safety","Is the building accessible for people with disabilities in case of an emergency?","Yes, Bargate House is fully accessible for students with disabilities. The property features a hydraulic lift for easy access, and we offer specially designed accessible studios on-site to ensure comfort and convenience."
"129","Contact Information","How can I contact Bargate House for inquiries or bookings?","You can contact Bargate House via phone at +44 7802 322917 or email on yourspace@unilife.co.uk."
"130","Contact Information","What is the response time for inquiries?","The Unilife team will aim to respond to all enquiries on the same day."
"131","Contact Information","How can I schedule a viewing of Bargate House?","You can schedule a viewing by contacting the team via email or phone. Alternatively, you can use their live chat feature on the website to make arrangements."
"132","Contact Information","Are there any social media platforms where I can contact Bargate House?","Yes, you can visit the Unilife official accounts on TikTok, Instagram, WeChat and Whatsapp. Please search Unilife Student Living."
"133","Contact Information","Is there a customer service or support line available at Bargate House?","You can contact Bargate House via phone at +44 7802 322917 or email on yourspace@unilife.co.uk."
"134","Contact Information","Can I contact Bargate House through FaceTime for a tour or assistance?","Yes absolutely, FaceTime is available as an option for virtual tours or assistance with any queries. Please reach out to us to book a virtual viewing!"
